Views,Likes,Comments,Reposts,Poll,Hashtag,Date,Day,Time,Time_cat,Followers
2492,23,1,32,,#олимпикс_выездная,2022-05-02 19:30:00,2022-05-02,19:30:00,c 18 до 22 часов,1326
1187,10,0,2,,,2022-05-30 19:45:00,2022-05-30,19:45:00,c 18 до 22 часов,1326
5129,39,0,63,,#олимпикс_подборка,2022-05-29 20:45:00,2022-05-29,20:45:00,c 18 до 22 часов,1326
1455,20,4,9,,,2022-05-25 11:30:00,2022-05-25,11:30:00,c 10 до 14 часов,1326
3889,42,0,57,,#олимпикс_подборка,2022-05-21 21:36:33,2022-05-21,21:36:33,c 18 до 22 часов,1326
853,13,0,6,,,2022-05-13 17:49:30,2022-05-13,17:49:30,c 14 до 18 часов,1326
3988,25,5,5,,,2022-05-10 12:45:00,2022-05-10,12:45:00,c 10 до 14 часов,1326
622,4,0,0,,#олимпикс_рекомендация,2022-05-04 22:06:56,2022-05-04,22:06:56,после 22 часов,1326
1261,13,0,5,,,2022-04-26 11:35:00,2022-04-26,11:35:00,c 10 до 14 часов,1326
2776,45,1,4,,,2022-04-25 11:25:00,2022-04-25,11:25:00,c 10 до 14 часов,1326
1798,28,0,38,,#олимпикс_подборка,2022-04-20 20:31:00,2022-04-20,20:31:00,c 18 до 22 часов,1326
912,9,0,3,,,2022-04-18 19:30:00,2022-04-18,19:30:00,c 18 до 22 часов,1326
4116,14,0,10,,,2022-04-16 14:50:45,2022-04-16,14:50:45,c 14 до 18 часов,1326
1008,23,0,10,,#олимпикс_рекомендация,2022-04-10 21:47:53,2022-04-10,21:47:53,c 18 до 22 часов,1326
2269,32,0,15,,,2022-04-05 21:07:54,2022-04-05,21:07:54,c 18 до 22 часов,1326
1545,11,0,18,,#олимпикс_подборка,2022-04-02 20:30:00,2022-04-02,20:30:00,c 18 до 22 часов,1326
20383,23,1,53,,#олимпикс_анонс,2022-04-01 16:30:00,2022-04-01,16:30:00,c 14 до 18 часов,1326
813,11,0,5,,#олимпикс_мотивация,2022-03-28 21:00:01,2022-03-28,21:00:01,c 18 до 22 часов,1326
3225,18,0,22,,#олимпикс_анонс,2022-03-24 20:35:00,2022-03-24,20:35:00,c 18 до 22 часов,1326
1020,4,0,0,48.0,#олимпикс_опрос,2022-03-23 22:00:01,2022-03-23,22:00:01,после 22 часов,1326
1701,10,0,13,,#олимпикс_подборка,2022-03-22 21:15:00,2022-03-22,21:15:00,c 18 до 22 часов,1326
712,13,0,5,,#олимпикс_мотивация,2022-03-20 19:45:00,2022-03-20,19:45:00,c 18 до 22 часов,1326
651,7,0,10,,#олимпикс_подборка,2022-03-17 21:30:00,2022-03-17,21:30:00,c 18 до 22 часов,1326
1828,29,2,10,,#олимпикс_анонс,2022-03-15 21:30:00,2022-03-15,21:30:00,c 18 до 22 часов,1326
1663,9,0,13,,#олимпикс_подборка,2022-03-14 21:30:00,2022-03-14,21:30:00,c 18 до 22 часов,1326
776,9,0,0,,#олимпикс_анонс,2022-03-14 15:30:00,2022-03-14,15:30:00,c 14 до 18 часов,1326
646,13,0,17,,#олимпикс_подборка,2022-03-13 21:20:00,2022-03-13,21:20:00,c 18 до 22 часов,1326
1321,26,0,1,,,2022-03-01 22:50:50,2022-03-01,22:50:50,после 22 часов,1326
19391,16,0,11,,#олимпикс_анонс,2022-02-21 19:45:00,2022-02-21,19:45:00,c 18 до 22 часов,1326
899,8,0,0,82.0,#олимпикс_опрос,2022-02-20 15:30:00,2022-02-20,15:30:00,c 14 до 18 часов,1326
2430,19,1,21,,#олимпикс_подборка,2022-02-19 22:24:02,2022-02-19,22:24:02,после 22 часов,1326
15052,19,0,50,,#олимпикс_анонс,2022-02-17 16:35:42,2022-02-17,16:35:42,c 14 до 18 часов,1326
1599,28,0,28,,#олимпикс_подборка,2022-02-15 21:45:00,2022-02-15,21:45:00,c 18 до 22 часов,1326
564,2,0,0,27.0,#олимпикс_опрос,2022-02-14 20:45:00,2022-02-14,20:45:00,c 18 до 22 часов,1326
873,19,0,19,,#олимпикс_подборка,2022-02-13 21:30:00,2022-02-13,21:30:00,c 18 до 22 часов,1326
472,8,0,0,,#олимпикс_рекомендация,2022-02-12 19:30:00,2022-02-12,19:30:00,c 18 до 22 часов,1326
950,24,0,20,,#олимпикс_подборка,2022-02-02 18:30:00,2022-02-02,18:30:00,c 18 до 22 часов,1326
563,5,0,3,40.0,#олимпикс_опрос,2022-02-01 21:00:00,2022-02-01,21:00:00,c 18 до 22 часов,1326
684,9,0,4,,,2022-01-31 22:03:00,2022-01-31,22:03:00,после 22 часов,1326
1057,14,0,19,,#олимпикс_подборка,2022-01-30 20:30:00,2022-01-30,20:30:00,c 18 до 22 часов,1326
1194,8,0,1,,#олимпикс_интенсив,2022-01-30 18:00:02,2022-01-30,18:00:02,c 18 до 22 часов,1326
1328,21,1,6,,#олимпикс_лекции,2022-01-23 19:30:00,2022-01-23,19:30:00,c 18 до 22 часов,1326
1881,23,2,15,,#олимпикс_анонс,2022-01-17 22:30:00,2022-01-17,22:30:00,после 22 часов,1326
1186,29,2,32,,#олимпикс_подборка,2022-01-16 01:00:00,2022-01-16,01:00:00,до 10 утра,1326
816,14,0,2,,#олимпикс_рекомендует,2022-01-15 20:45:00,2022-01-15,20:45:00,c 18 до 22 часов,1326
614,24,0,14,,#олимпикс_подборка,2022-01-15 01:30:00,2022-01-15,01:30:00,до 10 утра,1326
1058,25,0,27,,#олимпикс_подборка,2022-01-14 21:30:00,2022-01-14,21:30:00,c 18 до 22 часов,1326
861,31,1,38,,#олимпикс_подборка,2022-01-13 21:12:00,2022-01-13,21:12:00,c 18 до 22 часов,1326
1897,28,0,10,,#олимпикс_новости,2022-01-02 21:01:41,2022-01-02,21:01:41,c 18 до 22 часов,1326
867,19,0,0,,,2021-12-31 20:00:03,2021-12-31,20:00:03,c 18 до 22 часов,1326
1091,19,0,4,,#олимпикс_истории,2021-12-15 20:30:00,2021-12-15,20:30:00,c 18 до 22 часов,1326
1618,33,0,26,,#олимпикс_подборка,2021-12-14 20:45:00,2021-12-14,20:45:00,c 18 до 22 часов,1326
911,15,0,7,,#олимпикс_содружество,2021-12-11 03:32:39,2021-12-11,03:32:39,до 10 утра,1326
1447,24,0,9,,,2021-12-07 22:18:56,2021-12-07,22:18:56,после 22 часов,1326
683,11,0,1,,#олимпикс_подборка,2021-12-06 15:27:57,2021-12-06,15:27:57,c 14 до 18 часов,1326
1154,18,0,2,,#державинский_форум,2021-11-25 21:56:52,2021-11-25,21:56:52,c 18 до 22 часов,1326
1228,20,0,13,,#олимпикс_подборка,2021-11-22 20:45:00,2021-11-22,20:45:00,c 18 до 22 часов,1326
1300,19,0,3,,#державинский_форум,2021-11-22 14:24:43,2021-11-22,14:24:43,c 14 до 18 часов,1326
816,25,1,2,,#державинский_форум,2021-11-20 23:53:02,2021-11-20,23:53:02,после 22 часов,1326
1134,14,0,3,,#державинский_форум,2021-11-17 18:29:52,2021-11-17,18:29:52,c 18 до 22 часов,1326
698,4,0,2,83.0,#олимпикс_опрос,2021-11-11 17:05:49,2021-11-11,17:05:49,c 14 до 18 часов,1326
988,29,0,30,,#олимпикс_подборка,2021-11-07 20:45:00,2021-11-07,20:45:00,c 18 до 22 часов,1326
769,18,0,9,,#олимпикс_подборка,2021-11-07 00:58:04,2021-11-07,00:58:04,до 10 утра,1326
1016,28,0,24,,#олимпикс_подборка,2021-11-01 23:32:08,2021-11-01,23:32:08,после 22 часов,1326
669,11,0,2,,#олимпикс_термин,2021-10-24 22:14:27,2021-10-24,22:14:27,после 22 часов,1326
619,5,0,1,39.0,#олимпикс_опрос,2021-10-24 01:42:54,2021-10-24,01:42:54,до 10 утра,1326
964,37,1,44,,#олимпикс_подборка,2021-10-21 22:49:14,2021-10-21,22:49:14,после 22 часов,1326
634,12,0,1,,#олимпикс_фильмы,2021-10-16 21:58:00,2021-10-16,21:58:00,c 18 до 22 часов,1326
559,5,0,0,,,2021-10-13 14:00:01,2021-10-13,14:00:01,c 14 до 18 часов,1326
860,26,0,5,,,2021-10-08 17:00:00,2021-10-08,17:00:00,c 14 до 18 часов,1326
838,22,0,8,,,2021-10-04 19:00:02,2021-10-04,19:00:02,c 18 до 22 часов,1326
868,15,0,6,,#step_1,2021-09-25 18:26:06,2021-09-25,18:26:06,c 18 до 22 часов,1326
1070,32,1,17,,,2021-09-25 16:00:01,2021-09-25,16:00:01,c 14 до 18 часов,1326
520,6,0,0,,,2021-09-24 16:57:02,2021-09-24,16:57:02,c 14 до 18 часов,1326
721,13,0,2,,,2021-09-17 18:00:03,2021-09-17,18:00:03,c 18 до 22 часов,1326
491,8,0,0,,,2021-09-15 15:58:07,2021-09-15,15:58:07,c 14 до 18 часов,1326
439,6,0,0,,,2021-09-15 10:48:29,2021-09-15,10:48:29,c 10 до 14 часов,1326
4821,26,1,11,,,2021-09-10 18:14:37,2021-09-10,18:14:37,c 18 до 22 часов,1326
1524,30,4,5,,,2021-09-05 19:19:49,2021-09-05,19:19:49,c 18 до 22 часов,1326
1268,12,1,5,,#олимпикс_выездная,2021-07-15 17:39:31,2021-07-15,17:39:31,c 14 до 18 часов,1326
1107,17,1,6,,#олимпикс_подборка,2021-07-14 16:42:51,2021-07-14,16:42:51,c 14 до 18 часов,1326
1002,12,0,7,,#олимпикс_рекомендация,2021-06-30 12:21:32,2021-06-30,12:21:32,c 10 до 14 часов,1326
1111,16,1,13,,#олимпикс_подборка,2021-06-26 19:45:19,2021-06-26,19:45:19,c 18 до 22 часов,1326
1053,17,0,2,,#олимпикс_термин,2021-06-08 19:19:24,2021-06-08,19:19:24,c 18 до 22 часов,1326
1043,17,0,10,,#олимпикс_статья,2021-06-07 21:31:57,2021-06-07,21:31:57,c 18 до 22 часов,1326
919,7,0,1,,#олимпикс_термин,2021-05-25 16:45:56,2021-05-25,16:45:56,c 14 до 18 часов,1326
15098,10,0,12,,#олимпикс_выездная,2021-05-22 17:05:29,2021-05-22,17:05:29,c 14 до 18 часов,1326
1236,24,2,21,,#олимпикс_подборка,2021-05-16 17:36:41,2021-05-16,17:36:41,c 14 до 18 часов,1326
744,11,0,2,,#олимпикс_термин,2021-05-14 15:44:03,2021-05-14,15:44:03,c 14 до 18 часов,1326
611,8,0,1,,#олимпикс_выездная,2021-05-13 15:27:38,2021-05-13,15:27:38,c 14 до 18 часов,1326
615,6,0,1,,#олимпикс_термин,2021-05-11 17:40:00,2021-05-11,17:40:00,c 14 до 18 часов,1326
26985,40,0,75,,#олимпикс_выездная,2021-05-04 19:35:28,2021-05-04,19:35:28,c 18 до 22 часов,1326
924,14,0,7,,#олимпикс_выездная,2021-05-02 17:05:38,2021-05-02,17:05:38,c 14 до 18 часов,1326
715,4,0,2,,#олимпикс_термин,2021-04-26 12:46:12,2021-04-26,12:46:12,c 10 до 14 часов,1326
808,21,0,10,,#олимпикс_подборка,2021-04-25 19:08:02,2021-04-25,19:08:02,c 18 до 22 часов,1326
877,20,0,3,,#олимпикс_марафон,2021-04-24 13:28:41,2021-04-24,13:28:41,c 10 до 14 часов,1326
639,6,0,1,,,2021-04-23 12:17:47,2021-04-23,12:17:47,c 10 до 14 часов,1326
1291,22,2,2,,#олимпикс_интервью,2021-04-22 13:21:57,2021-04-22,13:21:57,c 10 до 14 часов,1326
9814,14,0,13,,#олимпикс_выездная,2021-04-21 19:09:59,2021-04-21,19:09:59,c 18 до 22 часов,1326
544,10,0,5,,#олимпикс_подборка,2021-04-21 01:21:15,2021-04-21,01:21:15,до 10 утра,1326
640,13,0,1,,#олимпикс_марафон,2021-04-20 13:34:18,2021-04-20,13:34:18,c 10 до 14 часов,1326
471,6,0,0,,#олимпикс_термин,2021-04-18 21:45:51,2021-04-18,21:45:51,c 18 до 22 часов,1326
513,8,0,3,,#олимпикс_марафон,2021-04-16 16:56:00,2021-04-16,16:56:00,c 14 до 18 часов,1326
551,14,0,3,,#олимпикс_подборка,2021-04-16 12:37:41,2021-04-16,12:37:41,c 10 до 14 часов,1326
508,9,0,0,,#олимпикс_марафон,2021-04-15 12:25:58,2021-04-15,12:25:58,c 10 до 14 часов,1326
17311,46,2,49,,#олимпикс_выездная,2021-04-12 23:02:15,2021-04-12,23:02:15,после 22 часов,1326
676,12,0,1,,#олимпикс_марафон,2021-04-11 21:24:28,2021-04-11,21:24:28,c 18 до 22 часов,1326
1129,21,0,12,,#олимпикс_анонс,2021-04-11 00:56:47,2021-04-11,00:56:47,до 10 утра,1326
622,15,0,3,,#олимпикс_подборка,2021-04-10 15:52:54,2021-04-10,15:52:54,c 14 до 18 часов,1326
583,7,0,1,49.0,#олимпикс_опрос,2021-04-04 02:15:54,2021-04-04,02:15:54,до 10 утра,1326
537,7,0,0,,#олимпикс_интервью,2021-04-03 01:49:17,2021-04-03,01:49:17,до 10 утра,1326
777,24,0,3,,#олимпикс_подборка,2021-03-29 18:05:27,2021-03-29,18:05:27,c 18 до 22 часов,1326
563,12,0,2,,#олимпикс_термин,2021-03-26 12:25:18,2021-03-26,12:25:18,c 10 до 14 часов,1326
547,11,0,1,,#олимпикс_рекомендация,2021-03-20 13:53:52,2021-03-20,13:53:52,c 10 до 14 часов,1326
675,18,0,4,,#олимпикс_анонс,2021-03-18 01:30:38,2021-03-18,01:30:38,до 10 утра,1326
580,16,0,9,,#олимпикс_подборка,2021-03-13 19:46:35,2021-03-13,19:46:35,c 18 до 22 часов,1326
644,14,2,3,,,2021-03-11 13:16:23,2021-03-11,13:16:23,c 10 до 14 часов,1326
573,12,0,1,,#олимпикс_рекомендация,2021-03-08 21:44:18,2021-03-08,21:44:18,c 18 до 22 часов,1326
522,14,0,6,,#олимпикс_рекомендация,2021-03-05 18:05:41,2021-03-05,18:05:41,c 18 до 22 часов,1326
18878,24,2,13,,#олимпикс_интенсив,2021-03-01 21:57:30,2021-03-01,21:57:30,c 18 до 22 часов,1326
486,9,0,1,,#олимпикс_термин,2021-03-01 18:23:34,2021-03-01,18:23:34,c 18 до 22 часов,1326
557,15,1,4,,#олимпикс_подборка,2021-03-01 01:02:41,2021-03-01,01:02:41,до 10 утра,1326
492,16,0,1,,#олимпикс_термин,2021-02-28 00:43:01,2021-02-28,00:43:01,до 10 утра,1326
551,14,0,6,49.0,#олимпикс_опрос,2021-02-27 14:31:47,2021-02-27,14:31:47,c 14 до 18 часов,1326
466,11,0,3,,#олимпикс_рекомендация,2021-02-27 01:51:37,2021-02-27,01:51:37,до 10 утра,1326
598,22,0,16,,#олимпикс_подборка,2021-02-26 12:40:09,2021-02-26,12:40:09,c 10 до 14 часов,1326
443,13,0,3,,#олимпикс_термин,2021-02-25 21:03:40,2021-02-25,21:03:40,c 18 до 22 часов,1326
459,8,0,1,47.0,#олимпикс_опрос,2021-02-24 20:51:15,2021-02-24,20:51:15,c 18 до 22 часов,1326
676,20,0,1,,#олимпикс_интенсив,2021-02-15 19:36:23,2021-02-15,19:36:23,c 18 до 22 часов,1326
620,24,0,12,,#олимпикс_рекомендация,2021-01-31 20:04:18,2021-01-31,20:04:18,c 18 до 22 часов,1326
661,7,0,1,,,2021-01-06 21:17:40,2021-01-06,21:17:40,c 18 до 22 часов,1326
615,11,1,0,,#олимпикс_интенсив,2021-01-05 17:21:22,2021-01-05,17:21:22,c 14 до 18 часов,1326
25520,19,0,10,,#олимпикс_интенсив,2021-01-04 19:47:44,2021-01-04,19:47:44,c 18 до 22 часов,1326
27833,7,0,7,,#олимпикс_интенсив,2021-01-04 14:26:06,2021-01-04,14:26:06,c 14 до 18 часов,1326
612,9,0,1,,,2021-01-02 17:06:57,2021-01-02,17:06:57,c 14 до 18 часов,1326
616,17,0,1,,,2020-12-31 16:13:57,2020-12-31,16:13:57,c 14 до 18 часов,1326
622,7,0,2,,#олимпикс_анонс,2020-12-30 20:02:59,2020-12-30,20:02:59,c 18 до 22 часов,1326
607,17,0,3,,#олимпикс_подборка,2020-12-30 15:42:29,2020-12-30,15:42:29,c 14 до 18 часов,1326
32630,52,5,59,,,2020-12-22 19:43:08,2020-12-22,19:43:08,c 18 до 22 часов,1326
1043,23,0,15,,#олимпикс_подборка,2020-12-17 15:13:30,2020-12-17,15:13:30,c 14 до 18 часов,1326
631,9,3,1,26.0,#олимпикс_рекомендация,2020-12-14 13:06:33,2020-12-14,13:06:33,c 10 до 14 часов,1326
580,10,0,0,,#олимпикс_термин,2020-12-13 02:57:03,2020-12-13,02:57:03,до 10 утра,1326
533,7,0,0,28.0,#олимпикс_опрос,2020-12-12 12:03:33,2020-12-12,12:03:33,c 10 до 14 часов,1326
494,12,0,0,,#олимпикс_термин,2020-12-11 15:26:41,2020-12-11,15:26:41,c 14 до 18 часов,1326
445,9,0,1,,#олимпикс_рекомендация,2020-12-09 11:48:46,2020-12-09,11:48:46,c 10 до 14 часов,1326
650,15,2,7,,#олимпикс_подборка,2020-12-08 19:50:49,2020-12-08,19:50:49,c 18 до 22 часов,1326
526,11,0,0,,#олимпикс_термин,2020-12-07 17:40:49,2020-12-07,17:40:49,c 14 до 18 часов,1326
461,4,0,1,19.0,#олимпикс_опрос,2020-12-02 13:25:15,2020-12-02,13:25:15,c 10 до 14 часов,1326
633,13,2,0,,#олимпикс_анонс,2020-11-26 19:25:49,2020-11-26,19:25:49,c 18 до 22 часов,1326
21042,24,0,0,,#олимпикс_рекомендации,2020-11-25 16:52:38,2020-11-25,16:52:38,c 14 до 18 часов,1326
533,7,0,0,32.0,#олимпикс_опрос,2020-11-24 19:15:43,2020-11-24,19:15:43,c 18 до 22 часов,1326
881,23,0,0,,#олимпикс_рекомендации,2020-11-21 12:38:44,2020-11-21,12:38:44,c 10 до 14 часов,1326
567,13,0,4,,#олимпикс_вебинар,2020-11-20 14:09:54,2020-11-20,14:09:54,c 14 до 18 часов,1326
523,7,0,0,,,2020-11-19 19:25:14,2020-11-19,19:25:14,c 18 до 22 часов,1326
10628,17,0,2,,#s,2020-11-17 15:53:37,2020-11-17,15:53:37,c 14 до 18 часов,1326
685,17,0,6,,#олимпикс_подборка,2020-11-15 15:39:45,2020-11-15,15:39:45,c 14 до 18 часов,1326
829,6,0,0,118.0,,2020-11-14 18:09:57,2020-11-14,18:09:57,c 18 до 22 часов,1326
759,16,0,0,,,2020-11-13 04:21:10,2020-11-13,04:21:10,до 10 утра,1326
599,9,0,2,,#олимпикс_рекомендует,2020-11-12 02:05:16,2020-11-12,02:05:16,до 10 утра,1326
834,14,0,1,,,2020-11-11 13:32:23,2020-11-11,13:32:23,c 10 до 14 часов,1326
3813,90,0,1,,,2020-11-11 01:17:45,2020-11-11,01:17:45,до 10 утра,1326
41867,24,0,1,,,2020-11-08 20:04:11,2020-11-08,20:04:11,c 18 до 22 часов,1326
791,4,2,0,74.0,#олимпикс_опрос,2020-11-05 21:25:29,2020-11-05,21:25:29,c 18 до 22 часов,1326
555,5,0,0,,#олимпикс_термин,2020-11-05 00:45:02,2020-11-05,00:45:02,до 10 утра,1326
599,16,0,2,,#олимпикс_статья,2020-11-02 21:42:34,2020-11-02,21:42:34,c 18 до 22 часов,1326
563,7,0,0,,#олимпикс_термин,2020-11-01 17:06:09,2020-11-01,17:06:09,c 14 до 18 часов,1326
534,6,1,0,34.0,#олимпикс_опрос,2020-11-01 11:17:32,2020-11-01,11:17:32,c 10 до 14 часов,1326
554,13,0,6,,#олимпикс_подборка,2020-10-30 18:27:34,2020-10-30,18:27:34,c 18 до 22 часов,1326
510,13,1,0,,#олимпикс_термин,2020-10-29 20:16:35,2020-10-29,20:16:35,c 18 до 22 часов,1326
440,4,0,0,26.0,#олимпикс_опрос,2020-10-28 19:15:19,2020-10-28,19:15:19,c 18 до 22 часов,1326
15727,12,0,2,,#олимпикс_статья,2020-10-26 13:59:58,2020-10-26,13:59:58,c 10 до 14 часов,1326
572,9,0,0,,#олимпикс_рекомендации,2020-10-24 22:36:08,2020-10-24,22:36:08,после 22 часов,1326
1173,10,0,1,,,2020-10-23 19:49:32,2020-10-23,19:49:32,c 18 до 22 часов,1326
521,18,0,3,,#олимпикс_рекомендует,2020-10-22 14:06:25,2020-10-22,14:06:25,c 14 до 18 часов,1326
680,6,3,0,96.0,#олимпикс_опрос,2020-10-20 14:35:42,2020-10-20,14:35:42,c 14 до 18 часов,1326
599,13,1,3,,#олимпикс_подборка,2020-10-18 18:35:13,2020-10-18,18:35:13,c 18 до 22 часов,1326
572,20,0,3,,#олимпикс_мероприятие,2020-10-14 18:26:26,2020-10-14,18:26:26,c 18 до 22 часов,1326
540,13,0,7,,#олимпикс_подборка,2020-10-13 17:10:33,2020-10-13,17:10:33,c 14 до 18 часов,1326
455,12,0,3,,#олимпикс_рекомендует,2020-10-13 11:53:38,2020-10-13,11:53:38,c 10 до 14 часов,1326
456,6,0,0,51.0,#олимпикс_опрос,2020-10-12 11:37:53,2020-10-12,11:37:53,c 10 до 14 часов,1326
461,10,1,0,,,2020-10-11 16:22:17,2020-10-11,16:22:17,c 14 до 18 часов,1326
967,27,3,1,,#олимпикс_рекомендации,2020-10-08 00:26:31,2020-10-08,00:26:31,до 10 утра,1326
577,8,2,2,,#олимпикс_термин,2020-10-07 09:56:22,2020-10-07,09:56:22,до 10 утра,1326
475,3,0,0,,#олимпикс_новости,2020-10-06 13:55:02,2020-10-06,13:55:02,c 10 до 14 часов,1326
481,5,0,0,,,2020-10-05 18:32:24,2020-10-05,18:32:24,c 18 до 22 часов,1326
661,23,0,0,,,2020-10-05 14:51:24,2020-10-05,14:51:24,c 14 до 18 часов,1326
568,11,0,3,,#олимпикс_рекомендует,2020-10-03 23:42:42,2020-10-03,23:42:42,после 22 часов,1326
481,5,0,0,36.0,#олимпикс_опрос,2020-10-03 10:21:38,2020-10-03,10:21:38,c 10 до 14 часов,1326
487,9,0,0,,#олимпикс_термин,2020-10-02 11:31:53,2020-10-02,11:31:53,c 10 до 14 часов,1326
667,8,2,0,,#олимпикс_рекомендации,2020-09-30 22:34:46,2020-09-30,22:34:46,после 22 часов,1326
457,8,0,0,,#олимпикс_термин,2020-09-30 19:03:16,2020-09-30,19:03:16,c 18 до 22 часов,1326
19810,11,2,0,,,2020-09-29 20:34:06,2020-09-29,20:34:06,c 18 до 22 часов,1326
497,5,0,0,39.0,#олимпикс_опрос,2020-09-27 20:50:09,2020-09-27,20:50:09,c 18 до 22 часов,1326
555,8,1,0,,#олимпикс_термин,2020-09-27 13:06:36,2020-09-27,13:06:36,c 10 до 14 часов,1326
530,6,0,0,,,2020-09-22 02:21:18,2020-09-22,02:21:18,до 10 утра,1326
15946,22,1,7,,#олимпикс_подборка,2020-09-21 20:49:31,2020-09-21,20:49:31,c 18 до 22 часов,1326
468,6,0,0,22.0,#олимпикс_опрос,2020-09-21 14:01:16,2020-09-21,14:01:16,c 14 до 18 часов,1326
596,15,0,0,,,2020-09-20 11:24:18,2020-09-20,11:24:18,c 10 до 14 часов,1326
37182,22,1,2,,#олимпикс_статья,2020-09-19 19:52:07,2020-09-19,19:52:07,c 18 до 22 часов,1326
853,17,1,2,,#олимпикс_рекомендует,2020-09-18 19:27:57,2020-09-18,19:27:57,c 18 до 22 часов,1326
533,8,0,0,78.0,#олимпикс_опрос,2020-09-18 16:03:33,2020-09-18,16:03:33,c 14 до 18 часов,1326
482,11,0,2,,#олимпикс_подборка,2020-09-16 22:34:35,2020-09-16,22:34:35,после 22 часов,1326
5056,17,0,7,,,2020-09-15 23:48:39,2020-09-15,23:48:39,после 22 часов,1326
40017,123,0,1,,,2020-09-15 20:57:57,2020-09-15,20:57:57,c 18 до 22 часов,1326
425,5,0,1,,#олимпикс_термин,2020-09-14 22:12:00,2020-09-14,22:12:00,после 22 часов,1326
431,12,0,0,,#олимпикс_статья,2020-09-13 20:41:30,2020-09-13,20:41:30,c 18 до 22 часов,1326
516,6,0,0,62.0,#олимпикс_опрос,2020-09-11 17:02:01,2020-09-11,17:02:01,c 14 до 18 часов,1326
491,13,0,5,,#олимпикс_подборка,2020-09-10 19:48:22,2020-09-10,19:48:22,c 18 до 22 часов,1326
429,10,0,0,,#олимпикс_термин,2020-09-09 22:00:40,2020-09-09,22:00:40,после 22 часов,1326
645,7,1,1,,,2020-09-08 22:27:08,2020-09-08,22:27:08,после 22 часов,1326
447,7,0,0,53.0,#олимпикс_опрос,2020-09-08 19:14:09,2020-09-08,19:14:09,c 18 до 22 часов,1326
469,13,0,3,,#олимпикс_подборка,2020-09-07 15:58:34,2020-09-07,15:58:34,c 14 до 18 часов,1326
395,9,0,0,,#олимпикс_термин,2020-09-07 13:02:18,2020-09-07,13:02:18,c 10 до 14 часов,1326
543,8,0,1,,,2020-09-06 18:24:53,2020-09-06,18:24:53,c 18 до 22 часов,1326
449,5,0,0,37.0,#олимпикс_опрос,2020-09-06 16:01:10,2020-09-06,16:01:10,c 14 до 18 часов,1326
13633,24,0,2,,,2020-09-05 21:20:34,2020-09-05,21:20:34,c 18 до 22 часов,1326
406,10,0,0,,#олимпикс_статья,2020-09-05 19:39:36,2020-09-05,19:39:36,c 18 до 22 часов,1326
507,4,0,0,58.0,#олимпикс_опрос,2020-09-04 20:50:57,2020-09-04,20:50:57,c 18 до 22 часов,1326
492,12,0,3,,#олимпикс_подборка,2020-09-04 17:15:39,2020-09-04,17:15:39,c 14 до 18 часов,1326
403,9,0,0,,#олимпикс_термин,2020-09-03 16:43:27,2020-09-03,16:43:27,c 14 до 18 часов,1326
2690,150,0,3,,,2020-09-02 21:18:45,2020-09-02,21:18:45,c 18 до 22 часов,1326
467,10,1,0,25.0,#олимпикс_опрос,2020-09-01 19:56:50,2020-09-01,19:56:50,c 18 до 22 часов,1326
430,9,0,0,,#олимпикс_термин,2020-09-01 17:58:06,2020-09-01,17:58:06,c 14 до 18 часов,1326
1872,24,1,0,,,2020-08-31 22:15:56,2020-08-31,22:15:56,после 22 часов,1326
876,30,0,4,,#олимпикс_подборка,2020-08-31 21:27:31,2020-08-31,21:27:31,c 18 до 22 часов,1326
406,7,0,2,,#олимпикс_статья,2020-08-31 13:59:12,2020-08-31,13:59:12,c 10 до 14 часов,1326
582,8,0,0,83.0,#олимпикс_опрос,2020-08-30 21:40:44,2020-08-30,21:40:44,c 18 до 22 часов,1326
2312,15,0,2,,,2020-08-29 20:58:46,2020-08-29,20:58:46,c 18 до 22 часов,1326
429,11,0,0,,#олимпикс_термин,2020-08-29 20:53:01,2020-08-29,20:53:01,c 18 до 22 часов,1326
542,14,0,6,,#олимпикс_подборка,2020-08-29 00:52:22,2020-08-29,00:52:22,до 10 утра,1326
692,14,0,6,,#олимпикс_подборка,2020-08-26 18:11:04,2020-08-26,18:11:04,c 18 до 22 часов,1326
591,9,2,2,,#олимпикс_статья,2020-08-23 00:11:41,2020-08-23,00:11:41,до 10 утра,1326
16192,24,0,1,,,2020-08-22 13:22:55,2020-08-22,13:22:55,c 10 до 14 часов,1326
493,13,0,2,,#олимпикс_статья,2020-08-19 15:28:38,2020-08-19,15:28:38,c 14 до 18 часов,1326
462,11,0,0,,#олимпикс_термин,2020-08-18 01:40:21,2020-08-18,01:40:21,до 10 утра,1326
510,12,0,3,,#олимпикс_подборка,2020-08-16 21:58:33,2020-08-16,21:58:33,c 18 до 22 часов,1326
457,9,5,1,,#олимпикс_статья,2020-08-15 21:09:46,2020-08-15,21:09:46,c 18 до 22 часов,1326
458,11,0,6,,#олимпикс_подборка,2020-08-14 23:52:47,2020-08-14,23:52:47,после 22 часов,1326
439,8,0,0,,#олимпикс_термин,2020-08-14 19:13:25,2020-08-14,19:13:25,c 18 до 22 часов,1326
358,11,0,4,,#олимпикс_статья,2020-08-14 15:55:27,2020-08-14,15:55:27,c 14 до 18 часов,1326
389,21,0,1,,#олимпикс_кинофрагменты,2020-08-13 20:31:16,2020-08-13,20:31:16,c 18 до 22 часов,1326
430,17,0,2,,#олимпикс_статья,2020-08-13 12:10:52,2020-08-13,12:10:52,c 10 до 14 часов,1326
902,21,0,6,,#олимпикс_подборка,2020-08-12 23:34:33,2020-08-12,23:34:33,после 22 часов,1326
399,20,1,3,,#олимпикс_статья,2020-08-08 23:43:01,2020-08-08,23:43:01,после 22 часов,1326
1847,19,0,3,,,2020-08-01 22:17:09,2020-08-01,22:17:09,после 22 часов,1326
